{"vertices":[-1,2,-3,1,2,3,1,2,-3,1,2,3,-1,0,3,1,0,3,-1,2,3,-1,0,-3,-1,0,3,1,0,-3,-1,0,3,-1,0,-3,1,2,-3,1,0,3,1,0,-3,-1,2,-3,1,0,-3,-1,0,-3,-1,2,-3,-1,2,3,1,2,3,1,2,3,-1,2,3,-1,0,3,-1,2,3,-1,2,-3,-1,0,-3,1,0,-3,1,0,3,-1,0,3,1,2,-3,1,2,3,1,0,3,-1,2,-3,1,2,-3,1,0,-3],"normals":[0,1,0,0,1,0,0,1,0,0,0,1,0,0,1,0,0,1,-1,0,0,-1,0,0,-1,0,0,0,-1,0,0,-1,0,0,-1,0,1,0,0,1,0,0,1,0,0,0,0,-1,0,0,-1,0,0,-1,0,1,0,0,1,0,0,1,0,0,0,1,0,0,1,0,0,1,-1,0,0,-1,0,0,-1,0,0,0,-1,0,0,-1,0,0,-1,0,1,0,0,1,0,0,1,0,0,0,0,-1,0,0,-1,0,0,-1],"texcoords":[0.00005,0.00004999999999999449,0.250025,0.99995,0.250025,0.00004999999999999449,0.000087,0.999913,0.749957,0.0000860000000000305,0.000087,0.00008699999999994823,0.999933,0.5555479999999999,0.000067,0.999933,0.999933,0.999933,0.00005,0.00004999999999999449,0.250025,0.99995,0.250025,0.00004999999999999449,0.00005,0.00004999999999999449,0.250025,0.99995,0.250025,0.00004999999999999449,0.749957,0.00008699999999994823,0.000087,0.999913,0.749957,0.999913,0.00005,0.00004999999999999449,0.00005,0.99995,0.250025,0.99995,0.000087,0.999913,0.749957,0.999913,0.749957,0.0000860000000000305,0.999933,0.5555479999999999,0.000067,0.5555479999999999,0.000067,0.999933,0.00005,0.00004999999999999449,0.00005,0.99995,0.250025,0.99995,0.00005,0.00004999999999999449,0.00005,0.99995,0.250025,0.99995,0.749957,0.00008699999999994823,0.00005,0.00004999999999999449,0.000087,0.999913],"indices":[0,1,2,3,4,5,6,7,8,9,10,11,12,13,14,15,16,17,18,19,20,21,22,23,24,25,26,27,28,29,30,31,32,33,34,35]}
