{"vertices":[-1,3.999609,-2.999999,1,3.999608,3.000001,1,3.999609,-2.999999,1,3.999608,3.000001,-1,0,3,1,0,3,-1,3.999608,3.000001,-1,0,-3,-1,0,3,1,0,-3,-1,0,3,-1,0,-3,1,3.999609,-2.999999,1,0,3,1,0,-3,-1,3.999609,-2.999999,1,0,-3,-1,0,-3,-1,3.999609,-2.999999,-1,3.999608,3.000001,1,3.999608,3.000001,1,3.999608,3.000001,-1,3.999608,3.000001,-1,0,3,-1,3.999608,3.000001,-1,3.999609,-2.999999,-1,0,-3,1,0,-3,1,0,3,-1,0,3,1,3.999609,-2.999999,1,3.999608,3.000001,1,0,3,-1,3.999609,-2.999999,1,3.999609,-2.999999,1,0,-3],"normals":[0,1,0,0,1,0,0,1,0,0,0,1,0,0,1,0,0,1,-1,0,0,-1,0,0,-1,0,0,0,-1,0,0,-1,0,0,-1,0,1,0,0,1,0,0,1,0,0,0,0,-1,0,0,-1,0,0,-1,0,1,0,0,1,0,0,1,0,0,0,1,0,0,1,0,0,1,-1,0,0,-1,0,0,-1,0,0,0,-1,0,0,-1,0,0,-1,0,1,0,0,1,0,0,1,0,0,0,0,-1,0,0,-1,0,0,-1],"texcoords":[1.499027,0.74413,0.499127,0.994105,1.499027,0.994105,0.000087,0.999913,0.749957,0.0000860000000000305,0.000087,0.00008699999999994823,1.495011,0.0018719999999999848,0.000067,0.999933,1.495011,0.999933,0.00005,0.00004999999999999449,0.250025,0.99995,0.250025,0.00004999999999999449,1.502264,0.0006890000000000507,0.002264,0.997884,1.502264,0.997884,0.749957,0.00008699999999994823,0.000087,0.999913,0.749957,0.999913,1.499027,0.74413,0.499127,0.74413,0.499127,0.994105,0.000087,0.999913,0.749957,0.999913,0.749957,0.0000860000000000305,1.495011,0.0018719999999999848,0.000067,0.0018719999999999848,0.000067,0.999933,0.00005,0.00004999999999999449,0.00005,0.99995,0.250025,0.99995,1.502264,0.0006890000000000507,0.002264,0.0006890000000000507,0.002264,0.997884,0.749957,0.00008699999999994823,0.00005,0.00004999999999999449,0.000087,0.999913],"indices":[0,1,2,3,4,5,6,7,8,9,10,11,12,13,14,15,16,17,18,19,20,21,22,23,24,25,26,27,28,29,30,31,32,33,34,35]}
